会员号,鸽舍名称,纬度DMS,经度DMS,联系电话
S001,示例鸽舍01·凌云轩,31°30′00.0″,121°12′00.0″,138000001
S002,示例鸽舍02·展翅阁,31°48′00.0″,121°30′00.0″,138000002
S003,示例鸽舍03·鸿雁堂,32°00′00.0″,120°48′00.0″,138000003
S004,示例鸽舍04·归巢苑,31°18′00.0″,121°54′00.0″,138000004
S005,示例鸽舍05·翔云社,30°54′00.0″,121°06′00.0″,138000005
S006,示例鸽舍06·风羽斋,31°36′00.0″,120°36′00.0″,138000006
S007,示例鸽舍07·晨羽轩,32°12′00.0″,121°18′00.0″,138000007
S008,示例鸽舍08·星河舍,31°06′00.0″,120°30′00.0″,138000008
S009,示例鸽舍09·云翼阁,30°42′00.0″,121°54′00.0″,138000009
S010,示例鸽舍10·追羽堂,31°57′00.0″,121°54′00.0″,138000010
S011,示例鸽舍11·听风苑,31°24′00.0″,120°12′00.0″,138000011
S012,示例鸽舍12·望云轩,30°30′00.0″,120°54′00.0″,138000012
