足环号,报到时间,报到方式
CHN26-001001,2026-09-20 07:03:58,电子踏板
CHN26-001002,2026-09-20 07:02:52,电子踏板
CHN26-001003,2026-09-20 07:01:50,电子踏板
CHN26-001004,2026-09-20 07:31:22,电子踏板
CHN26-001005,2026-09-20 07:29:32,电子踏板
CHN26-001006,2026-09-20 07:27:50,电子踏板
CHN26-001007,2026-09-20 07:47:09,电子踏板
CHN26-001008,2026-09-20 07:45:03,电子踏板
CHN26-001009,2026-09-20 08:01:24,电子踏板
CHN26-001010,2026-09-20 07:25:07,电子踏板
CHN26-001011,2026-09-20 07:25:07,电子踏板
CHN26-001012,2026-09-20 07:21:48,电子踏板
CHN26-001013,2026-09-20 06:56:02,电子踏板
CHN26-001014,2026-09-20 06:55:18,电子踏板
CHN26-001015,2026-09-20 06:54:36,电子踏板
CHN26-001016,2026-09-20 07:26:56,电子踏板
CHN26-001017,2026-09-20 07:39:10,电子踏板
CHN26-001018,2026-09-20 07:36:58,电子踏板
CHN26-001019,2026-09-20 08:05:21,电子踏板
CHN26-001020,2026-09-20 07:23:29,电子踏板
CHN26-001021,2026-09-20 07:59:51,电子踏板
CHN26-001022,2026-09-20 07:24:30,电子踏板
CHN26-001023,2026-09-20 07:23:00,电子踏板
CHN26-001024,2026-09-20 07:34:36,电子踏板
CHN26-001025,2026-09-20 06:10:00,电子踏板
CHN26-001026,2026-09-20 07:22:04,电子踏板
CHN26-001027,2026-09-20 07:20:30,电子踏板
CHN26-001028,2026-09-20 07:54:44,电子踏板
CHN26-001029,2026-09-20 07:52:19,电子踏板
CHN26-001030,2026-09-20 07:50:02,电子踏板
CHN26-001031,2026-09-20 07:45:15,电子踏板
CHN26-001032,2026-09-20 08:01:29,电子踏板
CHN26-001033,2026-09-20 07:58:34,电子踏板
CHN26-001034,2026-09-20 07:37:42,电子踏板
CHN26-001035,2026-09-20 07:35:41,电子踏板
